{
  "flower": "tag:forge:storage_blocks/redstone",
  "maxTimeInHive": 800,
  "hasHoneycomb": true,
  "baseLayerTexture": "ores/redstone/redstone_bee",
  "ColorData": {
      "isBeeColored": false,
      "honeycombColor": "#aa0f01",
      "modelType": "ORE"
  },
  "MutationData": {
      "hasMutation": false
  },
  "CentrifugeData": {
      "hasCentrifugeOutput": true,
      "mainOutput": "minecraft:redstone",
      "mainOutputCount": 6
  },
  "SpawnData": {
      "canSpawnInWorld": false
  },
  "BreedData": {
      "isBreedable": true,
      "parent1": "Glowing",
      "parent2": "Rocky",
      "feedItem": "tag:forge:dusts/redstone",
      "feedAmount": 6
  },
  "TraitData": {
      "hasTraits": false
  }
}
