{
  "flower": "tag:misctags:flowers/end_flowers",
  "hasHoneycomb": true,
  "traits": ["ender"],
  "maxTimeInHive": 1800,
  "ColorData": {
    "isBeeColored": true,
    "honeycombColor": "#339786",
    "primaryColor": "#339786",
    "secondaryColor": "#303030"
  },
  "MutationData": {
    "hasMutation": false
  },
  "CentrifugeData": {
    "hasCentrifugeOutput": true,
    "mainOutput": "minecraft:ender_pearl",
    "bottleOutput": "botania:ender_air_bottle"
  },
  "SpawnData": {
    "canSpawnInWorld": true,
    "biomeWhitelist": "tag:end"
  },
  "BreedData": {
    "isBreedable": true,
    "feedItem": "xreliquary:nebulous_heart",
    "feedAmount": 4
  },
  "TraitData": {
    "hasTraits": true
  }
}