{
    "flower": "tag:Minecraft:wool",
    "maxTimeInHive": 600,
    "hasHoneycomb": true,
    "ColorData": {
        "isBeeColored": true,
        "honeycombColor": "#3b0000",
        "primaryColor": "#030303",
        "secondaryColor": "#910000"
    },
    "MutationData": {
        "hasMutation": false
    },
    "CentrifugeData": {
        "hasCentrifugeOutput": true,
        "mainOutput": "minecraft:string",
        "mainOutputCount": 1,
        "secondaryOutput": "xreliquary:chelicerae",
        "secondaryOutputWeight": 0.01,
        "secondaryOutputCount": 1
    },
    "SpawnData": {
        "canSpawnInWorld": true,
        "biomeWhitelist": "tag:overworld",
        "biomeBlacklist": "tag:ocean"
    },
    "BreedData": {
        "isBreedable": true,
        "feedItem": "xreliquary:chelicerae",
        "feedAmount": 3
    },
    "TraitData": {
        "hasTraits": false
    }
}
