{
  "flower": "tag:forge:storage_blocks/copper",
  "hasHoneycomb": true,
  "maxTimeInHive": 800,
  "baseLayerTexture": "ato/copper_bee",
  "ColorData": {
    "isBeeColored": false,
    "honeycombColor": "#D28868",
    "modelType": "ORE"
  },
  "MutationData": {
    "hasMutation": false
  },
  "CentrifugeData": {
    "hasCentrifugeOutput": true,
    "mainOutput": "alltheores:copper_ingot"
  },
  "SpawnData": {
    "canSpawnInWorld": false
  },
  "BreedData": {
    "isBreedable": true,
    "parent1": "Crystal",
    "parent2": "Rocky",
    "feedItem": "tag:forge:nuggets/copper",
    "feedAmount": 3
  },
  "TraitData": {
    "hasTraits": false
  }
}