{
  "flower": "tag:forge:storage_blocks/gold",
  "hasHoneycomb": true,
  "maxTimeInHive": 800,
  "baseLayerTexture": "ores/gold/gold_bee",
  "ColorData": {
      "isBeeColored": false,
      "honeycombColor": "#FFDC00",
      "modelType": "ORE"
  },
  "MutationData": {
      "hasMutation": false
  },
  "CentrifugeData": {
      "hasCentrifugeOutput": true,
      "mainOutput": "minecraft:gold_ingot"
  },
  "SpawnData": {
      "canSpawnInWorld": false
  },
  "BreedData": {
      "isBreedable": true,
      "parent1": "Crystal",
      "parent2": "Mason",
      "feedItem": "tag:forge:nuggets/gold",
      "feedAmount": 3
  },
  "TraitData": {
      "hasTraits": false
  }
}
