{
  "flower": "tag:forge:storage_blocks/invar",
  "hasHoneycomb": true,
  "maxTimeInHive": 700,
  "ColorData": {
    "isBeeColored": true,
    "honeycombColor": "#D1D9C8",
    "primaryColor": "#D1D9C8"
  },
  "MutationData": {
    "hasMutation": false
  },
  "CentrifugeData": {
    "hasCentrifugeOutput": true,
    "mainOutput": "thermal:invar_ingot"
  },
  "SpawnData": {
    "canSpawnInWorld": false
  },
  "BreedData": {
    "isBreedable": true,
    "parent1": "Iron",
    "parent2": "Nickel",
    "feedItem": "tag:forge:nuggets/invar",
    "feedAmount": 3
  },
  "TraitData": {
    "hasTraits": false
  }
}