{
  "flower": "tag:forge:storage_blocks/iron",
  "hasHoneycomb": true,
  "maxTimeInHive": 700,
  "baseLayerTexture": "ores/iron/iron_bee",
  "ColorData": {
      "isBeeColored": false,
      "honeycombColor": "#ffcc99",
      "modelType": "ORE"
  },
  "MutationData": {
      "hasMutation": false
  },
  "CentrifugeData": {
      "hasCentrifugeOutput": true,
      "mainOutput": "minecraft:iron_ingot"
  },
  "SpawnData": {
      "canSpawnInWorld": false
  },
  "BreedData": {
      "isBreedable": true,
      "parent1": "Crystal",
      "parent2": "Rocky",
      "feedItem": "tag:forge:nuggets/iron",
      "feedAmount": 3
  },
  "TraitData": {
      "hasTraits": false
  }
}
