{
  "flower": "tag:forge:storage_blocks/netherite",
  "maxTimeInHive": 600,
  "hasHoneycomb": true,
  "baseLayerTexture": "ores/netherite/netherite_bee",
  "traits": ["nether"],
  "ColorData": {
    "isBeeColored": false,
    "honeycombColor": "#654740"
  },
  "MutationData": {
    "hasMutation": false
  },
  "CentrifugeData": {
    "hasCentrifugeOutput": true,
    "mainOutput": "minecraft:netherite_ingot",
    "mainOutputWeight": 0.1
  },
  "SpawnData": {
    "canSpawnInWorld": false
  },
  "BreedData": {
    "isBreedable": true,
    "parent1": "Wither",
    "parent2": "Diamond",
    "feedItem": "minecraft:netherite_scrap",
    "feedAmount": 3
  },
  "TraitData": {
    "hasTraits": true
  }
}