{
  "flower": "tag:forge:storage_blocks/nickel",
  "maxTimeInHive": 800,
  "hasHoneycomb": true,
  "baseLayerTexture": "ato/nickel_bee",
  "ColorData": {
    "isBeeColored": false,
    "honeycombColor": "#F5F2A3",
    "modelType": "ORE"
  },
  "MutationData": {
    "hasMutation": false
  },
  "CentrifugeData": {
    "hasCentrifugeOutput": true,
    "mainOutput": "alltheores:nickel_ingot"
  },
  "SpawnData": {
    "spawnInWorld": false
  },
  "BreedData": {
    "isBreedable": true,
    "parent1": "Iron",
    "parent2": "Warm",
    "feedItem": "tag:forge:nuggets/nickel",
    "feedAmount": 3
  },
  "TraitData": {
    "hasTraits": false
  }
}