{
  "flower": "tag:forge:storage_blocks/tin",
  "maxTimeInHive": 700,
  "hasHoneycomb": true,
  "baseLayerTexture": "ato/tin_bee",
  "ColorData": {
    "isBeeColored": false,
    "honeycombColor": "#ECEDEE",
    "modelType": "ORE"
  },
  "MutationData": {
    "hasMutation": false
  },
  "CentrifugeData": {
    "hasCentrifugeOutput": true,
    "mainOutput": "alltheores:tin_ingot"
  },
  "SpawnData": {
    "spawnInWorld": false
  },
  "BreedData": {
    "isBreedable": true,
    "parent1": "Crystal",
    "parent2": "Rocky",
    "feedItem": "tag:forge:nuggets/tin",
    "feedAmount": 3
  },
  "TraitData": {
    "hasTraits": false
  }
}