{
  "flower": "tag:forge:sand",
  "maxTimeInHive": 600,
  "hasHoneycomb": true,
  "ColorData": {
    "isBeeColored": true,
    "primaryColor": "#DDD2B7",
    "honeycombColor": "#DDD2B7"
  },
  "MutationData": {
    "hasMutation": false
  },
  "CentrifugeData": {
    "hasCentrifugeOutput": true,
    "mainOutput": "minecraft:sand",
    "mainOutputCount": 3
  },
  "SpawnData": {
    "canSpawnInWorld": true,
    "biomeWhitelist": "tag:sandy"
  },
  "BreedData": {
    "isBreedable": true,
    "feedItem": "tag:forge:sand",
    "feedAmount": 4
  },
  "TraitData": {
    "hasTraits": false
  }
}