{
    "flower": "appliedenergistics2:quartz_block",
    "maxTimeInHive": 700,
    "hasHoneycomb": true,
    "ColorData": {
        "isBeeColored": true,
        "honeycombColor": "#d2d6f7",
        "primaryColor": "#d2d6f7",
        "secondaryColor": "#303030"
    },
    "MutationData": {
        "hasMutation": false
    },
    "CentrifugeData": {
        "hasCentrifugeOutput": true,
        "mainOutput": "appliedenergistics2:certus_quartz_crystal",
        "mainOutputCount": 2
    },
    "SpawnData": {
        "canSpawnInWorld": false
    },
    "BreedData": {
        "isBreedable": true,
        "parent1": "Crystal",
        "parent2": "Diamond",
        "feedItem": "appliedenergistics2:certus_quartz_crystal",
        "feedAmount": 4
    },
    "TraitData": {
        "hasTraits": false
    }
}
