{
  "flower": "tag:forge:storage_blocks/emerald",
  "maxTimeInHive": 1200,
  "hasHoneycomb": true,
  "baseLayerTexture": "ores/emerald/emerald_bee",
  "ColorData": {
      "isBeeColored": false,
      "honeycombColor": "#18eb09",
      "modelType": "ORE"
  },
  "MutationData": {
      "hasMutation": false
  },
  "CentrifugeData": {
      "hasCentrifugeOutput": true,
      "mainOutput": "minecraft:emerald"
  },
  "SpawnData": {
      "canSpawnInWorld": false
  },
  "BreedData": {
      "isBreedable": true,
      "parent1": "Diamond",
      "parent2": "Slimy",
      "feedItem": "tag:forge:gems/emerald",
      "feedAmount": 1
  },
  "TraitData": {
      "hasTraits": false
  }
}
